<?xml version="1.0" encoding="UTF-8"?>
<agence xmlns:xsi="http://www.w3.org/2001/XMLSchema-instance" xsi:noNamespaceSchemaLocation="schema_final.xsd">
    <!--Clients-->
    <clients>
        <client type="Adulte" id="c1" nom="Doe" prenom="John"/>
        <client type="Enfant" id="c2" nom="Doe" prenom="Jane"/>
        <client type="Enfant" id="c3" nom="Doe" prenom="Jules"/>
        <client type="Adolescent" id="c4" nom="Dupont" prenom="Luc"/>
        <client type="Senior" id="c5" nom="Thé" prenom="Nicole"/>
    </clients>
    <!--Encadrants-->
    <encadrants>
        <encadrant id="ec01" nom="Smith" prenom="Alice"/>
        <accompagnateur id="a001" nom="Durand" prenom="Lucie">
            <activites id="act001" nom="Randonnée" typeActivite="Sport"/>
            <activites id="act002" nom="Cuisine locale" typeActivite="Culture"/>
            <languesParlees id="l001" nom="Anglais" niveau="B2"/>
            <languesParlees id="l002" nom="Espagnol" niveau="C1"/>
        </accompagnateur>

        <enseignant id="e001" nom="Martin" prenom="Sophie">
            <coursLangue id="l003" nom="Français" niveau="C2"/>
            <coursLangue id="l004" nom="Allemand" niveau="B1"/>
        </enseignant>
    </encadrants>

    <!--voyages-->
    <voyages>
        <!-- offres -->
        <offre id="o6">
            <nom>Au Pair à Paris</nom>
            <type>Au pair</type>
            <description>L'occasion rêvée pour visiter la capitale et ses alentours à faibles coûts !</description>
            <activite id="act17" nom="Visite de la tour Eiffel" typeActivite="Culture"/>
            <langue nom="Français" niveau="B1"/>
            <duree>
                <debut>2023-11-18</debut>
                <fin>2023-12-02</fin>
            </duree>
            <destination>Paris</destination>
            <trancheAge>Adolescent</trancheAge>
            <nbMaxParticipants>30</nbMaxParticipants>
            <prix>450</prix>
        </offre>

        <offre id="o5">
            <nom>Voyage Scolaire à Paris</nom>
            <type>Groupe scolaire</type>
            <description>Un voyage destiné aux élèves d'école primaire ayant pour but de faire découvrir aux enfants les monuments historiques de notre pays.</description>
            <activite id="act16" nom="Visite de la tour Eiffel" typeActivite="Culture"/>
            <langue id="fr3" nom="Français" niveau="B1"/>
            <duree>
                <debut>2023-11-18</debut>
                <fin>2023-12-02</fin>
            </duree>
            <destination>Paris</destination>
            <trancheAge>Enfant</trancheAge>
            <nbMaxParticipants>30</nbMaxParticipants>
            <prix>450</prix>
        </offre>

        <offre id="o4">
            <nom>Sur les traces de Chopin</nom>
            <type>Tourisme</type>
            <description>Un voyage réservé aux seniors avec des sorties proposées 100% adaptées ! Profitez-en pour découvrir Chopin sous un nouveau jour !</description>
            <activite id="act15" nom="Visite de l'opéra" typeActivite="Culture"/>
            <langue id="fr5" nom="Français" niveau="C1"/>
            <duree>
                <debut>2023-10-23</debut>
                <fin>2023-11-14</fin>
            </duree>
            <destination>Pologne</destination>
            <trancheAge>Senior</trancheAge>
            <nbMaxParticipants>35</nbMaxParticipants>
            <prix>650</prix>
        </offre>

        <offre id="o3">
            <nom>Travail au Pair à Tokyo</nom>
            <type>Au pair</type>
            <description>opportunité unique de voyager au Japon ! Avec nos partenaires soyez assurés de pouvoir être bien accueilli et de pouvoir découvrir le pays !</description>
            <activite id="act5" nom="Initiation au japonais" typeActivite="Culture"/>
            <langue id="ja1" nom="Japonais" niveau="A1"/>
            <duree>
                <debut>2024-01-01</debut>
                <fin>2024-07-01</fin>
            </duree>
            <destination>Japon</destination>
            <trancheAge>Etudiant</trancheAge>
            <nbMaxParticipants>15</nbMaxParticipants>
            <prix>550</prix>
        </offre>

        <offre id="o2">
            <nom>Immersion en famille au Pérou</nom>
            <type>Immersion en famille</type>
            <description>Vous ne connaissez pas le Pérou ? C'est le moment de le découvrir en famille !</description>
            <activite id="act3" nom="Randonnée" typeActivite="Sport"/>
            <activite id="act4" nom="Dégustation de plats locaux" typeActivite="Culture"/>
            <langue id="lang3" nom="Anglais" niveau="B2"/>
            <duree>
                <debut>2023-05-21</debut>
                <fin>2023-06-30</fin>
            </duree>
            <destination>Pérou</destination>
            <trancheAge>Famille</trancheAge>
            <nbMaxParticipants>45</nbMaxParticipants>
            <prix>750</prix>
        </offre>

        <offre id="o1">
            <nom>Séjour aux Bahamas pour les enfants</nom>
            <type>Colonie de vacances</type>
            <description>Une super colonie de vacances aux Bahamas pour les enfants !</description>
            <activite id="act1" nom="Piscine" typeActivite="Sport"/>
            <activite id="act2" nom="Dégustation de plats locaux" typeActivite="Culture"/>
            <langue id="fr1" nom="Français" niveau="A1"/>
            <langue id="en2" nom="Anglais" niveau="A2"/>
            <duree>
                <debut>2023-05-01</debut>
                <fin>2023-05-14</fin>
            </duree>
            <destination>Bahamas</destination>
            <trancheAge>Enfant</trancheAge>
            <nbMaxParticipants>45</nbMaxParticipants>
            <prix>350</prix>
        </offre>

        <!-- séjours -->

        <sejour id="s1" idOffre="o1">
            <clientsRefs>
                <clientRef clientRef="c2"/>
                <clientRef clientRef="c3"/>
            </clientsRefs>
            <encadrantsRefs>
                <encadrantRef encadrantRef="ec01"/>
                <encadrantRef encadrantRef="a001"/>
                <encadrantRef encadrantRef="e001"/>
            </encadrantsRefs>
        </sejour>

        <sejour id="s2" idOffre="o2">
            <clientsRefs>
                <clientRef clientRef="c1"/>
                <clientRef clientRef="c2"/>
                <clientRef clientRef="c3"/>
                <clientRef clientRef="c4"/>
            </clientsRefs>
            <encadrantsRefs>
                <encadrantRef encadrantRef="a001"/>
                <encadrantRef encadrantRef="e001"/>
            </encadrantsRefs>
        </sejour>

        <sejour id="s3" idOffre="o3">
            <clientsRefs>
                <clientRef clientRef="c4"/>
            </clientsRefs>
            <encadrantsRefs>
                <encadrantRef encadrantRef="a001"/>
                <encadrantRef encadrantRef="e001"/>
            </encadrantsRefs>
        </sejour>


        <sejour id="s4" idOffre="o4">
            <clientsRefs>
                <clientRef clientRef="c5"/>
            </clientsRefs>
            <encadrantsRefs>
                <encadrantRef encadrantRef="a001"/>
                <encadrantRef encadrantRef="e001"/>
            </encadrantsRefs>
        </sejour>

        <sejour id="s5" idOffre="o5">
            <clientsRefs>
                <clientRef clientRef="c5"/>
            </clientsRefs>
            <encadrantsRefs>
                <encadrantRef encadrantRef="a001"/>
                <encadrantRef encadrantRef="e001"/>
            </encadrantsRefs>
        </sejour>

        <sejour id="s6" idOffre="o6">
            <clientsRefs>
                <clientRef clientRef="c5"/>
            </clientsRefs>
            <encadrantsRefs>
                <encadrantRef encadrantRef="ec01"/>
            </encadrantsRefs>
        </sejour>
    </voyages>
</agence>
