{"agence" : {
	"clients": [{"type": "Adulte","id": "c1","nom": "Doe","prenom": "John"},
{"type": "Enfant","id": "c2","nom": "Doe","prenom": "Jane"},
{"type": "Enfant","id": "c3","nom": "Doe","prenom": "Jules"},
{"type": "Adolescent","id": "c4","nom": "Dupont","prenom": "Luc"},
{"type": "Senior","id": "c5","nom": "Thé","prenom": "Nicole"}],"encadrants": [{"id": "ec01","nom": "Smith","prenom": "Alice"},
{"id": "a001","nom": "Durand","prenom": "Lucie""activites": "","activites": "","languesParlees": "","languesParlees": "",},
{"id": "e001","nom": "Martin","prenom": "Sophie""coursLangue": "","coursLangue": "",}],"voyages": [{"id": "o6""nom": "Au Pair à Paris","type": "Au pair","description": "L'occasion rêvée pour visiter la capitale et ses alentours à faibles coûts !","activite": "","langue": "","duree": [{},
{}],"destination": "Paris","trancheAge": "Adolescent","nbMaxParticipants": "30","prix": "450",},
{"id": "o5""nom": "Voyage Scolaire à Paris","type": "Groupe scolaire","description": "Un voyage destiné aux élèves d'école primaire ayant pour but de faire découvrir aux enfants les monuments historiques de notre pays.","activite": "","langue": "","duree": [{},
{}],"destination": "Paris","trancheAge": "Enfant","nbMaxParticipants": "30","prix": "450",},
{"id": "o4""nom": "Sur les traces de Chopin","type": "Tourisme","description": "Un voyage réservé aux seniors avec des sorties proposées 100% adaptées ! Profitez-en pour découvrir Chopin sous un nouveau jour !","activite": "","langue": "","duree": [{},
{}],"destination": "Pologne","trancheAge": "Senior","nbMaxParticipants": "35","prix": "650",},
{"id": "o3""nom": "Travail au Pair à Tokyo","type": "Au pair","description": "opportunité unique de voyager au Japon ! Avec nos partenaires soyez assurés de pouvoir être bien accueilli et de pouvoir découvrir le pays !","activite": "","langue": "","duree": [{},
{}],"destination": "Japon","trancheAge": "Etudiant","nbMaxParticipants": "15","prix": "550",},
{"id": "o2""nom": "Immersion en famille au Pérou","type": "Immersion en famille","description": "Vous ne connaissez pas le Pérou ? C'est le moment de le découvrir en famille !","activite": "","activite": "","langue": "","duree": [{},
{}],"destination": "Pérou","trancheAge": "Famille","nbMaxParticipants": "45","prix": "750",},
{"id": "o1""nom": "Séjour aux Bahamas pour les enfants","type": "Colonie de vacances","description": "Une super colonie de vacances aux Bahamas pour les enfants !","activite": "","activite": "","langue": "","langue": "","duree": [{},
{}],"destination": "Bahamas","trancheAge": "Enfant","nbMaxParticipants": "45","prix": "350",},
{"id": "s1","idOffre": "o1""clientsRefs": [{"clientRef": "c2"},
{"clientRef": "c3"}],"encadrantsRefs": [{"encadrantRef": "ec01"},
{"encadrantRef": "a001"},
{"encadrantRef": "e001"}]},
{"id": "s2","idOffre": "o2""clientsRefs": [{"clientRef": "c1"},
{"clientRef": "c2"},
{"clientRef": "c3"},
{"clientRef": "c4"}],"encadrantsRefs": [{"encadrantRef": "a001"},
{"encadrantRef": "e001"}]},
{"id": "s3","idOffre": "o3""clientsRefs": [{"clientRef": "c4"}],"encadrantsRefs": [{"encadrantRef": "a001"},
{"encadrantRef": "e001"}]},
{"id": "s4","idOffre": "o4""clientsRefs": [{"clientRef": "c5"}],"encadrantsRefs": [{"encadrantRef": "a001"},
{"encadrantRef": "e001"}]},
{"id": "s5","idOffre": "o5""clientsRefs": [{"clientRef": "c5"}],"encadrantsRefs": [{"encadrantRef": "a001"},
{"encadrantRef": "e001"}]},
{"id": "s6","idOffre": "o6""clientsRefs": [{"clientRef": "c5"}],"encadrantsRefs": [{"encadrantRef": "ec01"}]}]}}